num,name,id,office,region,income,income_family,bank_deps,bank_deps_family,position,flat_area,flat_area_family,house_area,house_area_family,income_salary,income_salary_family,cars_info,cars_family_info,family_cars_sum,personal_cars_sum,all_cars_sum,all_income,family_cars_sum_uah,personal_cars_sum_uah,all_cars_sum_uah,all_cars_sum_uah_mln,monthly_salary,monthly_salary_family,all_salary,all_deps,all_estate,all_flats
31,Єрмоленко Дмитро Дмитрович,vulyk_2_219,Прокуратура,Одеська область,639868.0,1007964.0,0.0,0.0,заступник прокурора Овідіопольського району Одеської області,61.0,32.0,0.0,0.0,114868.0,0.0,;;,BMW X5;Infiniti FX35;,87716.0,0.0,87716.0,1647832.0,1053.0,0.0,1052592.0,1.05,9572.0,0.0,9572.0,0.0,93.0,93.0
59,Іванов Дмитро Іванович,vulyk_14_97,Державна фіскальна служба / Державна митна служба / Державна податкова служба / Податкова інспекція / Міністерство зборів та доходів/,Одеська область,41588.0,21836.0,0.0,0.0,заступник начальника ГУ ДФС в Одеській області,0.0,73.0,0.0,347.0,41588.0,21836.0,Mercedes-Benz GL 550;;;,Lexus LX 470;Mercedes-Benz S 550;;,52778.0,38920.0,91698.0,63424.0,633.0,467.0,1100376.0,1.1,3466.0,1820.0,5286.0,0.0,420.0,73.0
129,Абрамовський Роман Романович,vulyk_4_1_24,"Міністерство регіонального розвитку, будівництва та житлово-комунального господарства",Загальнодержавний регіон,199370.0,164047.0,0.0,419585.0,"заступник міністра регіонального розвитку, будівництва та житлово-комунального господарства України",322.0,85.0,0.0,0.0,104498.0,0.0,Mercedes-Benz S 500;,Land Rover Range Rover;BMW X5;;;,79578.0,57813.0,137391.0,363417.0,955.0,694.0,1648692.0,1.65,8708.0,0.0,8708.0,419585.0,407.0,407.0
165,Алєксєєв Сергій Олегович,chesno_2532,Верховна рада України,Загальнодержавний регіон,21517879.0,493632.0,0.0,0.0,Депутат 8-го скликання,188.0,482.0,0.0,685.0,58312.0,34290.0,Mercedes-Benz S500L 4663 куб. см;Ferrari 458 Italia 4497 куб.см;Mercedes-Benz GL450 4663 куб.см,Porsche Cayenne S 4806 куб.см,25918.0,102845.0,128763.0,22011511.0,311.0,1234.0,1545156.0,1.55,4859.0,2858.0,7717.0,0.0,1355.0,670.0
250,Бабенко Микола Вікторович,vulyk_4_143,Київська обласна Рада,Київська область,297682.66,288927.0,0.0,0.0,голова Київської обласної ради,32.0,112.0,60.0,60.0,118260.25,0.0,BMW X5;;,BMW X6;;,62092.0,33528.0,95620.0,586609.66,745.0,402.0,1147440.0,1.15,9855.0,0.0,9855.0,0.0,264.0,144.0
315,Барбара Валентин Петрович,vulyk_56_152,Верховний суд,Загальнодержавний регіон,359154.0,390487.0,0.0,0.0,заступник голови Верховного Суду України - секретар судової палати у господарських справах,90.0,235.0,0.0,0.0,350707.0,0.0,Mercedes-Benz A 150;;,Mercedes-Benz GL 350;;,80081.0,13012.0,93093.0,749641.0,961.0,156.0,1117116.0,1.12,29226.0,0.0,29226.0,0.0,325.0,325.0
394,Березенко Сергій Іванович,vulyk_9_86,Державне управління справами,Загальнодержавний регіон,198025.0,1040485.0,0.0,0.0,керівник державного управління справами,120.0,75.0,0.0,267.0,165820.0,71000.0,Porsche Cayenne;Mercedes-Benz GL 350 BlueTec;;;,;;;,0.0,144615.0,144615.0,1238510.0,0.0,1735.0,1735380.0,1.74,13818.0,5917.0,19735.0,0.0,462.0,195.0
487,Бойко Юрій Анатолійович,chesno_2229,Президент,Загальнодержавний регіон,160724.0,8509476.0,0.0,270500.0,Депутат 8-го скликання,113.0,446.0,30.0,445.0,62500.0,666358.0,ВАЗ 2101 1300;Mercedes-Benz GL 4500 5000,"Volkswagen Тouareg 2967, 180 кВт, 4795",57270.0,27700.0,84970.0,8670200.0,687.0,332.0,1019640.0,1.02,5208.0,55530.0,60738.0,270500.0,1034.0,559.0
612,Бровченко Ігор ОлексАНДрович,vulyk_55_26,Загальний апеляційний суд,Харківська область,279706.0,30716.0,0.0,0.0,суддя апеляційного суду Харківської області,213.0,53.0,0.0,0.0,279706.0,30716.0,;,Mercedes-Benz CL-350;;,96587.0,0.0,96587.0,310422.0,1159.0,0.0,1159044.0,1.16,23309.0,2560.0,25869.0,0.0,266.0,266.0
683,Буцьких Дмитро ОлексАНДрович,vulyk_12_106,Міністерство внутрішніх справ,Дніпропетровська область,488838.82,0.0,0.0,0.0,заступник начальника ДМУ ГУМВС України в Дніпропетровській області,0.0,0.0,240.0,0.0,44838.82,0.0,Toyota Land Cruiser 200;;;,Lexus ES 350;;,45676.0,75718.0,121394.0,488838.82,548.0,909.0,1456728.0,1.46,3737.0,0.0,3737.0,0.0,240.0,0.0
742,Бірюков Руслан Миколайович,vulyk_26_184,Міністерство внутрішніх справ,Одеська область,110239.99,299000.0,0.0,0.0,"заступник начальника УБОП ГУ МВС України в Одеській області, підполковник міліції",21.0,22.0,0.0,250.0,110239.99,0.0,BMW;Land Rover Range Rover Sport;,Land Rover Range Rover Sport;;;,49043.0,69043.0,118086.0,409239.99,589.0,829.0,1417032.0,1.42,9187.0,0.0,9187.0,0.0,293.0,43.0
781,Васильонок Вадим Вікторович,vulyk_39_40,Державна фіскальна служба / Державна митна служба / Державна податкова служба / Податкова інспекція / Міністерство зборів та доходів/,Сумська область,105514.0,21222.0,0.0,0.0,заступник начальника митного поста - начальник відділу митного оформлення пасажирський митного поста Конотоп Сумської митниці ДФС,52.0,90.0,0.0,0.0,99495.0,0.0,ВАЗ 21093;Opel Insignia;Toyota Highlander;;;;;;;;;,Toyota Highlander;;;;,30757.0,53459.0,84216.0,126736.0,369.0,642.0,1010592.0,1.01,8291.0,0.0,8291.0,0.0,142.0,142.0
827,Вербицька Лариса Іванівна,vulyk_43_152,Загальний апеляційний суд,Херсонська область,237427.0,1063039.1,0.0,0.0,суддя апеляційного суду Херсонської області,0.0,0.0,201.0,461.0,237427.0,0.0,;;,Range Rover;Porsche Panamera;Volkswagen Touareg,202671.0,0.0,202671.0,1300466.1,2432.0,0.0,2432052.0,2.43,19786.0,0.0,19786.0,0.0,662.0,0.0
1010,Гайдаєв Юрій ОлексАНДрович,vulyk_29_146,Державна фіскальна служба / Державна митна служба / Державна податкова служба / Податкова інспекція / Міністерство зборів та доходів/,Загальнодержавний регіон,166021.0,665126.0,0.0,0.0,начальник спеціалізованої лабораторії з питань експертизи та досліджень міністерства доходів і зборів України,153.0,0.0,438.0,438.0,144414.0,665126.0,Audi Q7;;;,Porsche Cayenne;,55139.0,39487.0,94626.0,831147.0,662.0,474.0,1135512.0,1.14,12034.0,55427.0,67461.0,0.0,1029.0,153.0
1132,Гладкіх Олег Васильович,vulyk_13_191,Прокуратура,Дніпропетровська область,185453.0,0.0,0.0,0.0,перший заступник прокурора Дніпропетровської області,363.0,159.0,36.0,0.0,185318.0,0.0,BMW E64;Mercedes-Benz S-600;ГАЗ 2410;,BMW X 6;;;,68475.0,16269.0,84744.0,185453.0,822.0,195.0,1016928.0,1.02,15443.0,0.0,15443.0,0.0,558.0,522.0
1188,Головко Валерій Анатолійович,vulyk_4_3_96,Обласна державна адміністрація,Полтавська область,770463.0,1003761.0,0.0,410780.0,голова Полтавської обласної державної адмінстрації,47.0,200.0,0.0,0.0,165541.0,56356.0,Peugeot Partner;;;;,Peugeot Expert;Land Rover Range Rover Sport;,93064.0,10508.0,103572.0,1774224.0,1117.0,126.0,1242864.0,1.24,13795.0,4696.0,18491.0,410780.0,247.0,247.0
1336,Гречківський Павло Миколайович,vulyk_9_9,Вища рада юстиції,Загальнодержавний регіон,860665.0,915731.0,0.0,22202000.0,член Вищої ради юстиції,364.0,0.0,0.0,0.0,45976.0,25791.0,Maybach 57;Mercedes Benz ML55 AMG;Land Rover Range Rover;;,BMW 645;;;,21936.0,65859.0,87795.0,1776396.0,263.0,790.0,1053540.0,1.05,3831.0,2149.0,5980.0,22202000.0,364.0,364.0
1404,Гройсман Володимир Борисович,chesno_2265,Кабінет міністрів,Загальнодержавний регіон,1571471.0,1447835.0,0.0,210000.0,"віце-прем’єр-міністр, міністр регіонального розвитку, будівництва та житлово-комунального господарства",0.0,0.0,995.0,0.0,156731.0,6633.0,"Land Rover Range Rover 4367 куб.см, 230 кВт, 499,9 см","Volkswagen Touareg 4134 куб.см, 175 кВт, 479,5 см",38926.0,46050.0,84976.0,3019306.0,467.0,553.0,1019712.0,1.02,13061.0,553.0,13614.0,210000.0,995.0,0.0
1429,Гудзенко Віталій Іванович,chesno_2425,Верховна рада України,Загальнодержавний регіон,6516747.0,37704.0,0.0,0.0,Депутат 8-го скликання,0.0,153.0,98.0,294.0,55324.0,37704.0,"УАЗ 31512 2445 куб.см, 78 к.с., 54,7 кВт, 425 см;Mercedes-Benz S550 5461 куб.см, 388 к.с., 285 кВт, 5075 см","BMW X6 (E71) xDrive35i AT 2979 куб.см, 306 к.с., 225 кВт, 4877 см",56317.0,36003.0,92320.0,6554451.0,676.0,432.0,1107840.0,1.11,4610.0,3142.0,7752.0,0.0,545.0,153.0
1550,Дейдей Євген Сергійович,chesno_2495,Верховна рада України,Загальнодержавний регіон,46719.0,0.0,0.0,0.0,Депутат 8-го скликання,0.0,79.0,0.0,0.0,46719.0,0.0,"Toyota Corolla 1,3 л","Toyota Land Cruiser 200 4,5 л;Porsche Cayenne 4,8 л;Subaru  3,1 л",147158.0,4863.0,152021.0,46719.0,1766.0,58.0,1824252.0,1.82,3893.0,0.0,3893.0,0.0,79.0,79.0
1606,Дерев’янко Юрій Богданович,chesno_2422,Верховна рада України,Загальнодержавний регіон,183995.0,28266.0,0.0,0.0,Депутат 8-го скликання,361.0,57.0,638.0,0.0,173178.0,28266.0,Toyota Land Cruiser 200 4461;Mercedes-Benz S500 4Matic 5461;Land Rover Range Rover 4999,Land Rover Range Rover 4197;Lexus RX 300 2995;Lexus RX 450H 3456,84874.0,128688.0,213562.0,212261.0,1018.0,1544.0,2562744.0,2.56,14432.0,2356.0,16788.0,0.0,1056.0,418.0
1656,Добкін Михайло Маркович,chesno_2547,Президент,Загальнодержавний регіон,287494.0,0.0,0.0,0.0,Депутат 8-го скликання,44.0,157.0,0.0,0.0,19109.0,0.0,"Toyota Land Cruiser 200 4461 куб. см; 173,9 кВт;Toyota Land Cruiser 200 4461 куб. см; 173,9 кВт;Toyota Land Cruiser 4164 куб. см; 152,1 кВт","Porshe 911 Turbo 3800 куб.см; 383 кВт;Mercedes-Benz GL 350 2987 куб.см; 195 кВт;Volkswagen Multivan 2461 куб.см; 128,7 кВт",61926.0,119296.0,181222.0,287494.0,743.0,1432.0,2174664.0,2.17,1592.0,0.0,1592.0,0.0,201.0,201.0
1667,Добрянський Ярослав Вікторович,vulyk_4_144,Київська обласна Рада,Київська область,1052285.35,150000.0,0.0,0.0,перший заступник голови Київської обласної ради,92.0,39.0,0.0,499.0,152285.35,0.0,Smart Fortwo;Mercedes-Benz G 500;,BMW X6;;,68475.0,37908.0,106383.0,1202285.35,822.0,455.0,1276596.0,1.28,12690.0,0.0,12690.0,0.0,630.0,131.0
1735,Дубневич Богдан Васильович,chesno_2426,Верховна рада України,Загальнодержавний регіон,5835342.0,849334.0,0.0,1528900.0,Депутат 8-го скликання,1126.0,2506.0,2865.0,442.0,129356.0,0.0,"ГАЗ 21 ""Волга"" 2445 куб.см;Toyota Land Cruiser 200 4461 куб.см;ГАЗ 21 ""Волга"" 2100 куб.см;ГАЗ 21 ""Волга"" 2100 куб.см",Audi Q7 3.0 TDI 3000 куб.см.,27584.0,89224.0,116808.0,6684676.0,331.0,1071.0,1401696.0,1.4,10780.0,0.0,10780.0,1528900.0,6939.0,3632.0
1778,Дядічко Ігор Анатолійович,vulyk_4_53,Дніпропетровська міська Рада,Дніпропетровська область,991245.0,878325.0,0.0,0.0,"в. о. заступника міського голови, директор департаменту комунального господарства та капітального будівництва Дніпропетровської міської ради",45.0,18.0,0.0,300.0,19378.0,878325.0,Toyota Land Cruiser 200;Mitsubishi Lancer;ВАЗ 2106,Toyota Camry;Toyota Camry;,47121.0,86571.0,133692.0,1869570.0,565.0,1039.0,1604304.0,1.6,1615.0,73194.0,74809.0,0.0,363.0,63.0
1788,Діденко Ігор Миколайович,vulyk_4_1_3,Міністерство енергетики та вугільної промисловості,Загальнодержавний регіон,235628.53,405828.04,0.0,0.0,заступник міністра енергетики та вугільної промисловості України,0.0,233.0,0.0,901.0,235628.53,405828.04,Bentley Continental R;,Range Rover Sport;Mercedes G500;Mercedes S55;Mercedes S63;Porsche 911,195526.0,0.0,195526.0,641456.57,2346.0,0.0,2346312.0,2.35,19636.0,33819.0,53455.0,0.0,1134.0,233.0
1793,Дідик АНДрій Миколайович,vulyk_18_165,Державна фіскальна служба / Державна митна служба / Державна податкова служба / Податкова інспекція / Міністерство зборів та доходів/,Львівська область,372967.0,800600.0,0.0,141530.0,перший заступник начальника головного управління державної фіскальної служби у Львівській області,230.0,340.0,0.0,0.0,35099.0,5400.0,Infiniti QX 56;Volkswagen Crafter;,Volkswagen Eos;Audi A6;,65886.0,30293.0,96179.0,1173567.0,791.0,364.0,1154148.0,1.15,2925.0,450.0,3375.0,141530.0,570.0,570.0
1804,Етнарович Віталій Володимирович,vulyk_14_62,Прокуратура,Одеська область,179774.0,2061779.0,0.0,0.0,перший заступник прокурора Одеської області,184.0,96.0,0.0,0.0,179774.0,22800.0,;;;,Hyundai Getz;Lexus RX 350;Audi Q5;Audi Q7,130353.0,0.0,130353.0,2241553.0,1564.0,0.0,1564236.0,1.56,14981.0,1900.0,16881.0,0.0,280.0,280.0
1900,Загорій Гліб Володимирович,chesno_2530,Верховна рада України,Загальнодержавний регіон,26588125.0,121520.0,0.0,0.0,Депутат 8-го скликання,0.0,866.0,797.0,417.0,1024726.0,121520.0,Mitsubishi Lancer Evo ;Mitsubishi Lancer 2 ;Volkswagen Multivan ;Audi Q7,Land Rover Range Rover,46050.0,107194.0,153244.0,26709645.0,553.0,1286.0,1838928.0,1.84,85394.0,10127.0,95521.0,0.0,2080.0,866.0
1948,Заскіна Ілонна Павлівна,vulyk_11_79,Державна фіскальна служба / Державна митна служба / Державна податкова служба / Податкова інспекція / Міністерство зборів та доходів/,Вінницька область,126796.14,1935840.9,0.0,0.0,заступник начальника ГУ міндоходів у Вінницькій області,0.0,0.0,0.0,259.0,85577.32,35096.18,Nissan Juke;;,Volkswagen Sharan;Toyota Land Cruiser Prado;Nissan Qashqai;,80451.0,17076.0,97527.0,2062637.04,965.0,205.0,1170324.0,1.17,7131.0,2925.0,10056.0,0.0,259.0,0.0
1953,Заставний Роман Йосипович,chesno_2553,Верховна рада України,Загальнодержавний регіон,132573.0,129877.0,16540.0,1963363.0,Депутат 8-го скликання,0.0,282.0,1055.0,0.0,24040.0,0.0,Land Rover Range Rover 4196 куб.см,Audi Q7 2967 куб.см;Toyota RAV-4 2400 куб.см,79276.0,36005.0,115281.0,262450.0,951.0,432.0,1383372.0,1.38,2003.0,0.0,2003.0,1979903.0,1337.0,282.0
1977,Звонков АНДрій ОлексАНДрович,vulyk_13_109,Державна фіскальна служба / Державна митна служба / Державна податкова служба / Податкова інспекція / Міністерство зборів та доходів/,Дніпропетровська область,87252.0,1484816.0,0.0,5630000.0,заступник начальника головного управління ДФС у Дніпропетровській області,162.0,0.0,0.0,418.0,87152.0,0.0,;;;,Nissan Patrol;Audi A8;;,145459.0,0.0,145459.0,1572068.0,1746.0,0.0,1745508.0,1.75,7263.0,0.0,7263.0,5630000.0,580.0,162.0
2016,Зубар Валентин Васильович,vulyk_8_172,Вищий спецiалiзований суд України з розгляду цивiльних i кримiнальних справ,Загальнодержавний регіон,350763.0,145710.0,0.0,0.0,суддя Вищого спеціалізованого суду України з розгляду цивільних і кримінальних справ,84.0,0.0,200.0,0.0,302731.0,0.0,SsangYong RX 270 XO;Mercedes-Benz ML 350;,Subaru Impreza;;,10871.0,85478.0,96349.0,496473.0,130.0,1026.0,1156188.0,1.16,25228.0,0.0,25228.0,0.0,284.0,84.0
2046,Кавлак Інесса Павлівна,vulyk_42_96,Господарський місцевий суд,Івано-Франківська область,180859.0,1814476.0,0.0,0.0,суддя господарського суду Івано-Франківської області,0.0,126.0,0.0,292.0,180859.0,7500.0,;;;,Audi Q5;Mercedes-Benz GL;,119542.0,0.0,119542.0,1995335.0,1435.0,0.0,1434504.0,1.43,15072.0,625.0,15697.0,0.0,418.0,126.0
2052,Казарцева Валерія Вадимівна,vulyk_59_69,Господарський місцевий суд,Харківська область,180432.0,0.0,0.0,0.0,суддя господарського суду Харківської області,164.0,0.0,0.0,0.0,180432.0,0.0,Porsche Cayenne;Porsche Panamera;,;;;,0.0,128483.0,128483.0,180432.0,0.0,1542.0,1541796.0,1.54,15036.0,0.0,15036.0,0.0,164.0,164.0
2217,Кириленко Віталій Володимирович,vulyk_39_180,Обласна державна адміністрація,Харківська область,1012606.0,968952.0,0.0,0.0,директор департаменту у справах молоді та спорту Харківської обласної державної адмінстрації,69.0,68.0,0.0,0.0,59031.0,0.0,Ford Scorpio;Skoda Superb;Toyota Land Cruiser Prado;;;;;;;;;,Subaru Outback;;;;,22678.0,61874.0,84552.0,1981558.0,272.0,742.0,1014624.0,1.01,4919.0,0.0,4919.0,0.0,137.0,137.0
2267,Клименко ОлексАНДр Іванович,vulyk_9_52,Обласна державна адміністрація,Донецька область,41245.0,561379.0,0.0,7985406.0,заступник голови Донецької обласної державної адмінстрації,75.0,44.0,1840.0,0.0,5345.0,0.0,Lexus LS 460;;;;,Lexus RX 450H;Skoda Octavia A5;Land Rover Range Rover Evoque;Land Rover Range Rover Sport,187935.0,21595.0,209530.0,602624.0,2255.0,259.0,2514360.0,2.51,445.0,0.0,445.0,7985406.0,1959.0,119.0
2273,Кличко Віталій Володимирович,vulyk_7_5,Київська міська державна адміністрація,м. Київ,107599.0,0.0,0.0,0.0,"Київський міський голова, голова Київської міської державної адмінстрації",225.0,0.0,0.0,786.0,102651.0,0.0,;;;;,Land Rover Discovery 4;Toyota Sequoia;;;,139572.0,0.0,139572.0,107599.0,1675.0,0.0,1674864.0,1.67,8554.0,0.0,8554.0,0.0,1011.0,225.0
2529,Константіновський Вячеслав Леонідович,chesno_2478,Верховна рада України,Загальнодержавний регіон,15496577.0,0.0,0.0,7381560.0,Депутат 8-го скликання,85.0,325.0,649.0,790.0,28457.0,0.0,Toyota Land Cruiser 3956 куб.см;Mercedes-Benz S600 5913 куб.см;Land Rover Range Rover 5000 куб.см,BMW 3251 2497 куб.см,21706.0,102126.0,123832.0,15496577.0,260.0,1226.0,1485984.0,1.49,2371.0,0.0,2371.0,7381560.0,1849.0,410.0
2569,Король Віктор Миколайович,chesno_2528,Верховна рада України,Загальнодержавний регіон,766667.0,113993.0,0.0,0.0,Депутат 8-го скликання,113.0,0.0,0.0,489.0,6720.0,0.0,Land Rover Sport 2993 куб.см,Toyota Camry 2494,26194.0,73569.0,99763.0,880660.0,314.0,883.0,1197156.0,1.2,560.0,0.0,560.0,0.0,602.0,113.0
2593,Кос'яненко Олег ОлексАНДрович,vulyk_14_69,Прокуратура,Одеська область,146522.0,0.0,0.0,0.0,прокурор Малиновського району м. Одеси Одеської області,0.0,80.0,450.0,0.0,146522.0,0.0,Toyota F7 Cruiser;;;,Mercedes-Benz G-350 Blue TEC;;;,61324.0,28435.0,89759.0,146522.0,736.0,341.0,1077108.0,1.08,12210.0,0.0,12210.0,0.0,530.0,80.0
2755,Крисюк Роман Анатолійович,vulyk_58_52,Обласна державна адміністрація,Житомирська область,56680.27,262000.0,0.0,0.0,"заступник директора департаменту промисловості, розвитку інфраструктури та туризму Житомирської облдержадміністрації",62.0,0.0,0.0,51.0,55292.27,0.0,;;,Chevrolet Aveo;MG 350;;,87157.0,0.0,87157.0,318680.27,1046.0,0.0,1045884.0,1.05,4608.0,0.0,4608.0,0.0,113.0,62.0
2808,Кузьменко Максим АНДрійович,vulyk_7_24,Київська міська державна адміністрація,м. Київ,3589628.51,31955.41,0.0,0.0,директор департаменту промисловості та розвитку підприємництва,127.0,93.0,0.0,0.0,124232.03,14472.43,Mercedes-Benz S550;;;;,Mercedes-Benz ML350;;;;,66978.0,28068.0,95046.0,3621583.92,804.0,337.0,1140552.0,1.14,10353.0,1206.0,11559.0,0.0,220.0,220.0
2837,Куліч Валерій Петрович,chesno_2255,Верховна рада України,Загальнодержавний регіон,28159343.75,22582.7,0.0,0.0,Депутат 8-го скликання,292.0,0.0,384.0,0.0,57371.25,22582.7,"BMW 740d 2993 куб.см;Toyota Land Cruiser Prado 2982 куб.см;ВАЗ 2121 ""Нива"" 1589 куб.см;Lexus GX 460 4608 куб.см",Hyundai Santa Fe 2200 куб.см;ВАЗ 2106 1600 куб.см;Toyota Venza 2700 куб.см,54123.0,166555.0,220678.0,28181926.45,649.0,1999.0,2648136.0,2.65,4781.0,1882.0,6663.0,0.0,676.0,292.0
3115,Лопушанський АНДрій Ярославович,chesno_2430,Верховна рада України,Загальнодержавний регіон,6719.0,1536698.0,0.0,7521400.0,Депутат 8-го скликання,0.0,323.0,0.0,708.0,6719.0,0.0,Mercedes-Benz S505 5462 куб.см,Cadillac Escalade 6000 куб.см;Cadillac Escalade 6200 куб.см,60188.0,33566.0,93754.0,1543417.0,722.0,403.0,1125048.0,1.13,560.0,0.0,560.0,7521400.0,1031.0,323.0
3126,Луговський АНДрій Володимирович,vulyk_12_87,Міністерство внутрішніх справ,Дніпропетровська область,142956.0,178423.0,0.0,0.0,заступник начальника ГУМВС України в Дніпропетровській області,0.0,33.0,0.0,0.0,117623.0,178423.0,;;;,Porsche Cayenne;;,90512.0,0.0,90512.0,321379.0,1086.0,0.0,1086144.0,1.09,9802.0,14869.0,24671.0,0.0,33.0,33.0
3149,Луценко Юрій Віталійович,chesno_2263,Верховна рада України,Загальнодержавний регіон,20138.0,1301073.18,0.0,3665998.0,Депутат 8-го скликання,28.0,187.0,0.0,204.0,18869.9,247450.69,Toyota Camry,Volkswagen Touareg ;Mercedes-Benz GL550,152630.0,23561.0,176191.0,1321211.18,1832.0,283.0,2114292.0,2.11,1572.0,20621.0,22193.0,3665998.0,419.0,215.0
3158,Львов Богдан Юрійович,vulyk_8_18,Вищий господарський суд,Загальнодержавний регіон,309061.0,71654.0,0.0,0.0,"суддя Вищого господарського суду України, голова суду",27.0,155.0,0.0,0.0,307403.0,12934.0,Toyota Land Cruiser 200;;,Lexus RX 350;;,25501.0,58965.0,84466.0,380715.0,306.0,708.0,1013592.0,1.01,25617.0,1078.0,26695.0,0.0,182.0,182.0
3220,Літвінов Євген Володимирович,vulyk_8_180,Вищий спецiалiзований суд України з розгляду цивiльних i кримiнальних справ,Загальнодержавний регіон,286784.67,31667.27,0.0,0.0,суддя Вищого спеціалізованого суду України з розгляду цивільних і кримінальних справ,0.0,44.0,0.0,0.0,285550.83,31667.27,Volkswagen Touareg;;,Lexus RX-270;;,53397.0,44497.0,97894.0,318451.94,641.0,534.0,1174728.0,1.17,23796.0,2639.0,26435.0,0.0,44.0,44.0
3237,Мазур Віктор Олексійович,vulyk_4_2_35,"Національна комісія, що здійснює державне регулювання у сфері зв’язку та інформатизації",Загальнодержавний регіон,12670573.0,2861381.0,0.0,1100.0,"член національної комісії, що здійснює державне регулювання у сфері зв'язку та інформатизації",168.0,211.0,650.0,650.0,789306.0,26400.0,Audi A7;;;;,Lexus RX 350;;;;,60733.0,47898.0,108631.0,15531954.0,729.0,575.0,1303572.0,1.3,65776.0,2200.0,67976.0,1100.0,1679.0,379.0
3259,Макаренко Оксана Вікторівна,vulyk_59_76,Господарський місцевий суд,Харківська область,189284.0,1010618.0,0.0,0.0,суддя господарського суду Харківської області,0.0,0.0,0.0,325.0,189284.0,46618.0,;;,Land Rover Range Rover Evoque;Land Rover Range Rover Sport;Mitsubishi Lancer;Peugeot 107,138187.0,0.0,138187.0,1199902.0,1658.0,0.0,1658244.0,1.66,15774.0,3885.0,19659.0,0.0,325.0,0.0
3311,Мальцев Дмитро Володимирович,vulyk_13_200,Державна фіскальна служба / Державна митна служба / Державна податкова служба / Податкова інспекція / Міністерство зборів та доходів/,Дніпропетровська область,501475.0,715808.0,0.0,0.0,перший заступник начальника ДПІ у АНД районі м. Дніпропетровська ГУ міндоходів Дніпропетровської області,28.0,29.0,0.0,0.0,11119.0,30451.0,Mercedes E300;BMW 730;Volkswagen Touareg;,;;;,0.0,116118.0,116118.0,1217283.0,0.0,1393.0,1393416.0,1.39,927.0,2538.0,3465.0,0.0,57.0,57.0
3386,Марченко ОлексАНДр Степанович,vulyk_10_107,Державна фіскальна служба / Державна митна служба / Державна податкова служба / Податкова інспекція / Міністерство зборів та доходів/,Львівська область,17269.0,0.0,0.0,0.0,перший заступник начальника Львівської митниці ДФС,0.0,0.0,0.0,0.0,17269.0,0.0,BMW X6;;,;;;;,0.0,101074.0,101074.0,17269.0,0.0,1213.0,1212888.0,1.21,1439.0,0.0,1439.0,0.0,0.0,0.0
3463,Мельник Ірина Миколаївна,vulyk_16_29,Загальний місцевий суд,Харківська область,232260.0,520130.0,0.0,0.0,суддя Комінтернівського районного суду м. Харкова,0.0,189.0,0.0,0.0,232260.0,71355.0,Toyota Land Cruiser Prado;;,Toyota Land Cruiser Prado;Mazda 6;Lexus;Volkswagen Caddy;ЗАЗ 110308-45;;,69418.0,21162.0,90580.0,752390.0,833.0,254.0,1086960.0,1.09,19355.0,5946.0,25301.0,0.0,189.0,189.0
3570,Мишков Ярослав Євгенович,vulyk_16_134,Прокуратура,Харківська область,6845777.0,1004033.0,0.0,0.0,прокурор Червонозаводського району м. Харкова,92.0,194.0,0.0,339.0,182061.0,16933.0,Jeep Wrangler;;,Mercedes-Benz ML 350;;;;;;,56919.0,50074.0,106993.0,7849810.0,683.0,601.0,1283916.0,1.28,15172.0,1411.0,16583.0,0.0,625.0,286.0
3643,Муратов Олег Михайлович,vulyk_4_3_90,Обласна державна адміністрація,Одеська область,51713.0,1447544.0,0.0,0.0,директор департаменту економічного розвитку і торгівлі Одеської обласної державної адмінстрації,52.0,221.0,71.0,251.0,49686.0,27714.0,BMW 523;;;;,Porsche Cayenne;;,75462.0,16913.0,92375.0,1499257.0,906.0,203.0,1108500.0,1.11,4140.0,2310.0,6450.0,0.0,595.0,273.0
3644,Муратова Світлана ОлексАНДрівна,vulyk_52_26,Загальний місцевий суд,Харківська область,209352.0,761633.0,0.0,0.0,"суддя, заступник голови Київського районного суду м. Харкова",0.0,76.0,0.0,293.0,209352.0,135060.0,Chrysler PT Cruiser;,Chrysler PT Cruiser;Toyota Sequoia;Mercedes-Benz E 260;BMW X6 XDrive 35i,109377.0,8349.0,117726.0,970985.0,1313.0,100.0,1412712.0,1.41,17446.0,11255.0,28701.0,0.0,369.0,76.0
3736,Насалик Ігор Степанович,chesno_2459,Верховна рада України,Загальнодержавний регіон,147163.0,3796884.0,0.0,0.0,Депутат 8-го скликання,300.0,0.0,725.0,0.0,147163.0,0.0,ВАЗ 2107 1600 куб.см ;Bentley  6000 куб.см;ВАЗ 2106 1600 куб.см;Mercedes-Benz  5000 куб.см;Peugeot 407 2000 куб.см,Toyota Corolla 1300 куб.см;Toyota Camry 2000 куб.см,28805.0,74423.0,103228.0,3944047.0,346.0,893.0,1238736.0,1.24,12264.0,0.0,12264.0,0.0,1025.0,300.0
3756,Недава Олег Анатолійович,chesno_2264,Верховна рада України,Загальнодержавний регіон,596269.0,2768328.0,0.0,0.0,Депутат 8-го скликання,92.0,0.0,0.0,450.0,596269.0,12425.0,Mercedes-Benz GL63 6208;Mercedes-Benz GL550 5461;Kia Mohave 2959,Mercedes-Benz ML350 3498,39348.0,112174.0,151522.0,3364597.0,472.0,1346.0,1818264.0,1.82,49689.0,1035.0,50724.0,0.0,542.0,92.0
3833,Ніколенко Михайло ОлексАНДрович,vulyk_41_25,Господарський місцевий суд,Дніпропетровська область,181297.0,321212.0,0.0,17525.0,суддя господарського суду Дніпропетровської області,125.0,0.0,0.0,0.0,181213.0,18000.0,Mercedes-Benz ML 250;Lexus RX 350;Nissan Sunny;Mitsubishi L 200,Mercedes-Benz ML 250;;;;,56080.0,99664.0,155744.0,502509.0,673.0,1196.0,1868928.0,1.87,15101.0,1500.0,16601.0,17525.0,125.0,125.0
3835,Ніконов Ігор Володимирович,vulyk_7_6,Київська міська державна адміністрація,м. Київ,1105612.0,3857739.0,0.0,5799458.0,перший заступник голови Київської міської державної адмінстрації,368.0,226.0,1191.0,0.0,28125.0,19948.0,;;;;,Mercedes-Benz G500;Maybach 57;Mercedes-Benz GL-63AMG;Ford Transit;Honda CR-V,130038.0,0.0,130038.0,4963351.0,1560.0,0.0,1560456.0,1.56,2344.0,1662.0,4006.0,5799458.0,1785.0,594.0
3954,Оніщук Максим Іванович,vulyk_51_25,Загальний апеляційний суд,м. Київ,218325.44,2849326.47,0.0,0.0,суддя апеляційного суду м. Києва,108.0,108.0,101.0,0.0,218325.44,0.0,Toyota FJ Cruiser;;;,Skoda Fabia Elegans;Mercedes-Benz ML 350;;;,54959.0,47499.0,102458.0,3067651.91,660.0,570.0,1229496.0,1.23,18194.0,0.0,18194.0,0.0,317.0,216.0
4027,Павленко Олександра Сергіївна,vulyk_4_1_46,Міністерство охорони здоров'я,Загальнодержавний регіон,1928528.0,6342.0,0.0,22925.0,перший заступник міністра охорони здоров'я України,190.0,0.0,0.0,0.0,35881.0,6342.0,Audi Q5;Lexus GS 300,Audi A7;;;;,71875.0,62937.0,134812.0,1934870.0,862.0,755.0,1617744.0,1.62,2990.0,528.0,3518.0,22925.0,190.0,190.0
4028,Павленко Олексій Михайлович,vulyk_1_1852,Міністерство аграрної політики та продовольства / Мінагрополітики,Загальнодержавний регіон,25452.0,876535.0,0.0,346328.0,міністр аграрної політики та продовольства України,97.0,395.0,494.0,0.0,21313.0,52684.0,Lexus LX 570;Hyundai i30;;;;,Toyota RAV 4;Lexus RX 350;KIA Sorento,47100.0,71248.0,118348.0,901987.0,565.0,855.0,1420176.0,1.42,1776.0,4390.0,6166.0,346328.0,986.0,492.0
4065,Палиця Ігор Петрович,vulyk_4_3_94,Обласна державна адміністрація,Одеська область,8120770.0,0.0,0.0,0.0,голова Одеської обласної державної адмінстрації,550.0,0.0,0.0,0.0,651510.0,0.0,Mercedes-Benz S 600;Mercedes-Benz GL 500;Lexus LX 570;;,;;,0.0,158144.0,158144.0,8120770.0,0.0,1898.0,1897728.0,1.9,54292.0,0.0,54292.0,0.0,550.0,550.0
4126,Паскал Василь Федорович,vulyk_25_18,Міністерство внутрішніх справ,Загальнодержавний регіон,176664.0,76405.0,0.0,3700.0,заступник міністра внутрішніх справ України,103.0,0.0,294.0,382.0,176664.0,60085.0,Skoda Octavia A5;;;,Mitsubishi Pajero Wagon;Mercedes-Benz GL 550;Niva Chevrolet;Niva Chevrolet,77896.0,13384.0,91280.0,253069.0,935.0,161.0,1095360.0,1.1,14722.0,5007.0,19729.0,3700.0,779.0,103.0
4363,Попов Денис Вікторович,vulyk_16_141,Прокуратура,Харківська область,132150.0,1173833.0,0.0,0.0,прокурор Великобурлуцького району Харківської області,0.0,41.0,75.0,600.0,132150.0,39814.0,Volkswagen Golf;Ford Fiesta;Toyota Land Cruiser,Volkswagen Touareg;Mercedes-Benz Vito;Mitsubishi L 200;Ford Fiesta;;;,81191.0,11687.0,92878.0,1305983.0,974.0,140.0,1114536.0,1.11,11012.0,3318.0,14330.0,0.0,716.0,41.0
4373,Попович Ірина Миколаївна,vulyk_59_81,Господарський місцевий суд,Харківська область,174813.0,265962.0,0.0,0.0,суддя господарського суду Харківської області,0.0,146.0,0.0,623.0,130308.0,180970.0,Lexus LX - 570;;,Mitsubishi L 200;Hyundai H1;;,39854.0,98761.0,138615.0,440775.0,478.0,1185.0,1663380.0,1.66,10859.0,15081.0,25940.0,0.0,769.0,146.0
4437,Присяжнюк ОлексАНДр Анатолійович,chesno_2593,Верховна рада України,Загальнодержавний регіон,168579.12,1989763.84,0.0,2775000.0,Депутат 8-го скликання,403.0,571.0,321.0,0.0,167940.47,60000.0,"BMW X6 M 4,4","BMW X6m 4,4;Mercedes-Benz CL 500",112321.0,56328.0,168649.0,2158342.96,1348.0,676.0,2023788.0,2.02,13995.0,5000.0,18995.0,2775000.0,1295.0,974.0
4556,Пісоцький Андрій Анатолійович,vulyk_4_3_91,ТОВ 'ТД Укрпромсвітло',Полтавська область,25790.49,47777.0,0.0,0.0,заступник директора ТОВ ТД укрпромсвітло,256.0,80.0,0.0,107.0,25203.0,47777.0,BMW X5;;;;,Lexus RX 350;;,46788.0,43511.0,90299.0,73567.49,561.0,522.0,1083588.0,1.08,2100.0,3981.0,6081.0,0.0,443.0,336.0
4562,Рабінович Вадим Зіновійович,chesno_2595,Верховна рада України,Загальнодержавний регіон,32366.0,16909.0,0.0,10.0,Депутат 8-го скликання,0.0,30.0,0.0,795.0,32366.0,16909.0,Mercedes-Benz W 140 S 600 5987 куб.см;Lexus GX 460 4608 куб.см,Toyota Land Cruiser 4664 куб.см;Lexus LX 470 4664 куб.см;Lexus LX 570 5663 куб.см,65144.0,53454.0,118598.0,49275.0,782.0,641.0,1423176.0,1.42,2697.0,1409.0,4106.0,10.0,825.0,30.0
4568,Радуцький Михайло Борисович,vulyk_7_8,Київська міська державна адміністрація,м. Київ,1179009.48,131660.48,0.0,0.0,заступник голови Київської міської державної адмінстрації,135.0,0.0,256.0,0.0,166961.9,111997.67,Porsche Panamera;Mercedes-Benz CL-Class;Hyundai Santa FE;;,Audi Q7;Mercedes-Benz E-250;;;,46059.0,122621.0,168680.0,1310669.96,553.0,1471.0,2024160.0,2.02,13913.0,9333.0,23246.0,0.0,391.0,135.0
4606,Резниченко Валентин Михайлович,vulyk_9_77,Обласна державна адміністрація,Дніпропетровська область,5749210.0,0.0,0.0,0.0,голова Дніпропетровської обласної держадміністрації,255.0,0.0,0.0,0.0,534557.0,0.0,Hyundai Coupe;Toyota Land Cruiser Prado;Land Rover Evoque;Lexus LX 470;Land Rover Range Rover,;;;,0.0,148578.0,148578.0,5749210.0,0.0,1783.0,1782936.0,1.78,44546.0,0.0,44546.0,0.0,255.0,255.0
4622,Рибаков Микола Володимирович,vulyk_14_110,Державна фіскальна служба / Державна митна служба / Державна податкова служба / Податкова інспекція / Міністерство зборів та доходів/,Одеська область,60158.0,3341500.0,0.0,0.0,перший заступник начальника ДПІ у Приморському районі міста Одеси ГУ ДФС в Одеській області,0.0,34.0,0.0,718.0,28759.0,0.0,Lexus GX 460;Lexus GS 300;;,Lexus GX 460;Lexus GS 300;Toyota Yaris;,75443.0,66891.0,142334.0,3401658.0,905.0,803.0,1708008.0,1.71,2397.0,0.0,2397.0,0.0,752.0,34.0
4699,Романяк Дмитро Михайлович,vulyk_23_118,Прокуратура,м. Київ,102319.0,54864.0,0.0,0.0,заступник прокурора Дарницького району міста Києва,0.0,0.0,0.0,0.0,91582.0,18053.0,Lexus GS 350;Lexus GX 460;,;;,0.0,95946.0,95946.0,157183.0,0.0,1151.0,1151352.0,1.15,7632.0,1504.0,9136.0,0.0,0.0,0.0
4706,Ростем Олександр Іванович,vulyk_37_193,Державна фіскальна служба / Державна митна служба / Державна податкова служба / Податкова інспекція / Міністерство зборів та доходів/,Донецька область,91153.0,256126.0,0.0,0.0,начальник ДПІ у Волноваському районі ГУ міндоходів у Донецькій області,0.0,0.0,0.0,477.0,72957.0,51487.0,;;,ВАЗ 2121;Hyundai Accent;Kia Mohave;Hyundai Genesis;Ford Kuga;Kia Optima,110181.0,0.0,110181.0,347279.0,1322.0,0.0,1322172.0,1.32,6080.0,4291.0,10371.0,0.0,477.0,0.0
4775,Рябікін Павло Борисович,vulyk_7_9,Київська міська державна адміністрація,м. Київ,4800627.0,2727746.0,0.0,4141970.0,заступник голови Київської міської державної адмінстрації,520.0,121.0,0.0,231.0,150340.0,0.0,Mercedes-Benz CL 550;Dodge Ram Van;BMW 730D;Mercedes-Benz SLK 230;Volkswagen Touareg,Porsche Cayenne;;;;,90512.0,185147.0,275659.0,7528373.0,1086.0,2222.0,3307908.0,3.31,12528.0,0.0,12528.0,4141970.0,872.0,641.0
4851,Самардак Григорій Вікторович,vulyk_9_78,Обласна державна адміністрація,Запорізька область,1826046.0,305848.0,0.0,0.0,голова Запорізької обласної державної адмінстрації,163.0,76.0,0.0,110.0,338304.0,9360.0,Porsche Cayenne;;;;,;;;,0.0,90512.0,90512.0,2131894.0,0.0,1086.0,1086144.0,1.09,28192.0,780.0,28972.0,0.0,349.0,239.0
5049,Скляров ОлексАНДр Іванович,vulyk_4_2_30,"Національна комісія, що здійснює державне регулювання у сфері зв’язку та інформатизації",Загальнодержавний регіон,677642.0,0.0,0.0,0.0,"член національної комісії, що здійснює державне регулювання у сфері зв'язку та інформатизації",100.0,0.0,98.0,0.0,126386.0,0.0,Mercedes-Benz S 550;Mercedes-Benz GL 350;;;,;;;;,0.0,119116.0,119116.0,677642.0,0.0,1429.0,1429392.0,1.43,10532.0,0.0,10532.0,0.0,198.0,100.0
5056,Скорик Микола Леонідович,chesno_2223,Верховна рада України,Загальнодержавний регіон,468828.49,20914.43,0.0,0.0,Депутат 8-го скликання,709.0,119.0,0.0,0.0,29843.33,11470.23,Mercedes-Benz ML350 2987 куб.см,Lexus RX 350 3456 куб.см,21685.0,66978.0,88663.0,489742.92,260.0,804.0,1063956.0,1.06,2487.0,956.0,3443.0,0.0,828.0,828.0
5073,Скуратовський Сергій Іванович,chesno_2483,Верховна рада України,Загальнодержавний регіон,1067142.25,626433.33,0.0,0.0,Депутат 8-го скликання,0.0,579.0,139.0,0.0,27750.5,0.0,Mercedes-Benz Viano дв. 2143 куб.см;Land Rover Discovery дв. 2720 куб.см,"Porsche Cayenne універсал, двиг. 3598 куб.см",75462.0,77824.0,153286.0,1693575.58,906.0,934.0,1839432.0,1.84,2313.0,0.0,2313.0,0.0,718.0,579.0
5200,Сотник Олена Сергіївна,chesno_2589,Верховна рада України,Загальнодержавний регіон,1811629.0,5681624.0,0.0,1980.0,Депутат 8-го скликання,0.0,354.0,0.0,30.0,35694.0,170455.0,"Lexus RX 35 3456 куб.см, 204 кВт; 4770 см","BMW X5 2993 куб.см, 200 кВт, 4854 см;Honda Accord 2354 куб.см; 151 кВт, 4726 см",48246.0,35878.0,84124.0,7493253.0,579.0,431.0,1009488.0,1.01,2974.0,14205.0,17179.0,1980.0,384.0,354.0
5205,Справедливий Дмитро ОлексАНДрович,vulyk_2_74,Прокуратура,м. Київ,114259.0,368514.0,0.0,0.0,заступник прокурора Оболонського району міста Києва,316.0,266.0,0.0,0.0,114259.0,0.0,Toyota Camry;;,Toyota Venza;Mercedes-Benz S 500;,110281.0,11890.0,122171.0,482773.0,1323.0,143.0,1466052.0,1.47,9522.0,0.0,9522.0,0.0,582.0,582.0
5327,Сухомлин Сергій Іванович,vulyk_54_183,"Районна, міська, селищна рада",Житомирська область,1418521.24,417329.48,0.0,15815000.0,перший заступник міського голови з питань діяльності виконавчих органів ради,114.0,0.0,0.0,0.0,178524.24,116300.48,Porsche Cayenne;;;,BMW X3;;;,20592.0,64534.0,85126.0,1835850.72,247.0,774.0,1021512.0,1.02,14877.0,9692.0,24569.0,15815000.0,114.0,114.0
5383,Тарабакін Дмитро Валерійович,vulyk_4_2_4,Національна комісія з цінних паперів та фондового ринку,Загальнодержавний регіон,1726273.0,22077.0,0.0,0.0,член національної комісії з цінних паперів та фондового ринку,71.0,125.0,198.0,0.0,155886.0,0.0,Porsche 911;BMW 330;Subaru Forester;;,Porsche Cayenne Turbo;Lexus RX 350;;;,51419.0,120562.0,171981.0,1748350.0,617.0,1447.0,2063772.0,2.06,12990.0,0.0,12990.0,0.0,394.0,196.0
5397,Тарасов Сергій Георгійович,vulyk_10_27,Державна фіскальна служба / Державна митна служба / Державна податкова служба / Податкова інспекція / Міністерство зборів та доходів/,Дніпропетровська область,86457.0,0.0,0.0,0.0,начальник митного поста Дніпропетровськ-Лівобережний Дніпропетровської митниці ДФС,0.0,35.0,453.0,0.0,86457.0,0.0,Volkswagen Multivan;Honda CR-V;Mercedes-Benz ML,Mercedes-Benz ML-Class;;;;,0.0,85457.0,85457.0,86457.0,0.0,1025.0,1025484.0,1.03,7205.0,0.0,7205.0,0.0,488.0,35.0
5461,Тимчук Андрій Олександрович,vulyk_39_190,Обласна державна адміністрація,Харківська область,36014.0,72388.0,0.0,0.0,"директор департаменту промисловості Дніпропетровської облдержадміністрації, директор департаменту екології та природних ресурсів Харківської облдержадміністрації (претендую",78.0,102.0,0.0,172.0,36014.0,72388.0,;;;;;;;;;;;,Toyota Land Cruiser 200;Mercedes-Benz GL 550;;;,105690.0,0.0,105690.0,108402.0,1268.0,0.0,1268280.0,1.27,3001.0,6032.0,9033.0,0.0,352.0,180.0
5467,Тичкова Олена Юріївна,vulyk_39_125,Загальний апеляційний суд,Харківська область,279309.0,1282907.0,0.0,48426.0,"суддя, заступник голови апеляційного суду Харківської області",203.0,203.0,0.0,0.0,262392.0,0.0,Mercedes-Benz E 3504 Matic;Mercedes-Benz ML 250;;;;;;;;;;,Mercedes-Benz E 3504 Matic;Mercedes-Benz ML 250;Toyota Land Cruiser;;,94766.0,83333.0,178099.0,1562216.0,1137.0,1000.0,2137188.0,2.14,21866.0,0.0,21866.0,48426.0,406.0,406.0
5538,Третьяков Олександр Юрійович,chesno_2446,Верховна рада України,Загальнодержавний регіон,2649091.0,2178330.0,0.0,21122660.0,Депутат 8-го скликання,0.0,0.0,0.0,586.0,9526.0,36000.0,Maserati Cambiocorsa 4244 куб.см,Porsche Cayenne 4806 куб.см;Porsche 997 3824 куб.см,132724.0,28662.0,161386.0,4827421.0,1593.0,344.0,1936632.0,1.94,794.0,3000.0,3794.0,21122660.0,586.0,0.0
5557,Трояновська Тетяна Михайлівна,vulyk_57_37,Загальний місцевий суд,Харківська область,60416.0,103694.0,0.0,0.0,суддя Нововодолазького районного суду Харківської області,0.0,0.0,0.0,95.0,360.0,53249.0,Audi Q7;;;,Mercedes-Benz G 55 AMG;Volkswagen Transporter;;,95229.0,33009.0,128238.0,164110.0,1143.0,396.0,1538856.0,1.54,30.0,4437.0,4467.0,0.0,95.0,0.0
5567,Тупицький Олександр Миколайович,vulyk_57_169,Конституційний Cуд,Загальнодержавний регіон,1277071.0,10935.0,0.0,0.0,суддя конституційного суду України,0.0,34.0,222.0,0.0,301935.0,10825.0,;;;,Infiniti GX 35;BMW X6;;,90595.0,0.0,90595.0,1288006.0,1087.0,0.0,1087140.0,1.09,25161.0,902.0,26063.0,0.0,256.0,34.0
5597,Удовіченко Сергій Олександрович,vulyk_26_63,Адміністративний місцевий суд,Полтавська область,231372.0,1046906.0,0.0,0.0,заступник голови Полтавського окружного адміністративного суду,0.0,73.0,457.0,0.0,231372.0,0.0,;;,ВАЗ 21213;BMW 6;Toyota Venza;Toyota Highlander,94419.0,0.0,94419.0,1278278.0,1133.0,0.0,1133028.0,1.13,19281.0,0.0,19281.0,0.0,530.0,73.0
5618,Урбанський Олександр Ігорович,chesno_2468,Верховна рада України,Загальнодержавний регіон,865943.0,139700.0,0.0,0.0,Депутат 8-го скликання,168.0,168.0,184.0,0.0,20377.0,3600.0,Audi S8 об'єм двигуна 3993;Audi А8 об'єм двигуна 2995,BMW X6 об'єм двигуна 2979,68475.0,119127.0,187602.0,1005643.0,822.0,1430.0,2251224.0,2.25,1698.0,300.0,1998.0,0.0,520.0,336.0
5716,Філатов Борис Альбертович,chesno_2572,Верховна рада України,Загальнодержавний регіон,72964.0,928981.0,0.0,0.0,Депутат 8-го скликання,280.0,1037.0,0.0,462.0,61888.0,0.0,Jaguar  5307 куб.см;Mercdes-Benz  1997 куб.см;Mercedes-Benz S600 6000 куб.см,Porsche Panamera 4800;Porsche Carrere 3600;Porsche Cayenne 4800,137898.0,185835.0,323733.0,1001945.0,1655.0,2230.0,3884796.0,3.88,5157.0,0.0,5157.0,0.0,1779.0,1317.0
5739,Хайхан Світлана Валентинівна,vulyk_16_63,Державна фіскальна служба / Державна митна служба / Державна податкова служба / Податкова інспекція / Міністерство зборів та доходів/,Харківська область,691877.0,1003544.0,0.0,0.0,перший заступник начальника західної ОДПІ м. Харькова ГУ міндоходів у Харківській області,194.0,81.0,0.0,596.0,42629.0,32534.0,Toyota Venza;;,Audi Q7;;;;;;,56096.0,35136.0,91232.0,1695421.0,673.0,422.0,1094784.0,1.09,3552.0,2711.0,6263.0,0.0,871.0,275.0
5932,Черкаський Ігор Борисович,vulyk_4_2_17,Державна служба фінансового моніторингу,Загальнодержавний регіон,224106.0,3259681.0,0.0,0.0,голова державної служби фінансового моніторингу України,0.0,86.0,0.0,545.0,136064.0,71251.0,Infiniti QX;;;;,Lincoln Navigator 5. 4i;Mercedes-Benz R 350;Maserati Quattroporte;Mercedes-Benz G 63 AMG;,213310.0,42086.0,255396.0,3483787.0,2560.0,505.0,3064752.0,3.06,11339.0,5938.0,17277.0,0.0,631.0,86.0
5957,Чернов Євген Володимирович,vulyk_8_114,Вищий господарський суд,Загальнодержавний регіон,405779.0,62042.0,0.0,0.0,суддя Вищого господарського суду України,191.0,85.0,0.0,0.0,315666.0,48122.0,Audi A6;;,Audi Q7;;,63915.0,24960.0,88875.0,467821.0,767.0,300.0,1066500.0,1.07,26306.0,4010.0,30316.0,0.0,276.0,276.0
6041,Чуприненко Роман Сергійович,vulyk_4_1_25,"Міністерство регіонального розвитку, будівництва та житлово-комунального господарства",Загальнодержавний регіон,213692.0,2243908.0,0.0,0.0,"заступник міністра регіонального розвитку, будівництва та житлово-комунального господарства України з питань європейської інтеграції",53.0,0.0,0.0,325.0,167233.0,15510.0,;,Mercedes-Benz GL 350 CDI;;;;,85550.0,0.0,85550.0,2457600.0,1027.0,0.0,1026600.0,1.03,13936.0,1292.0,15228.0,0.0,378.0,53.0
6111,Шевченко Василь Васильович,vulyk_4_1_48,Міністерство соціальної політики,Загальнодержавний регіон,4060.88,0.0,0.0,0.0,перший заступник міністра соціальної політики,54.0,0.0,0.0,547.0,4060.88,0.0,Toyota Land Cruiser Prado;,Land Rover;;;;,38248.0,47030.0,85278.0,4060.88,459.0,564.0,1023336.0,1.02,338.0,0.0,338.0,0.0,601.0,54.0
6200,Шкляр Сергій Володимирович,vulyk_4_1_40,Міністерство юстиції,Загальнодержавний регіон,1002011.0,56050.0,0.0,0.0,заступник міністра юстиції України з питань виконавчої служби,265.0,73.0,0.0,115.0,74551.0,9806.0,Audi Q7;Toyota Camry,Toyota Rav 4;;;;,27401.0,91064.0,118465.0,1058061.0,329.0,1093.0,1421580.0,1.42,6213.0,817.0,7030.0,0.0,453.0,338.0
